archivo,hoja_origen,formulas_eliminadas,combinaciones_origen,combinaciones_salida,estado,una_hoja,estructura_visual,filas_dimensiones,estilos_celdas,dibujos_identicos,area_impresion,sin_formulas,sin_errores,sin_datos_personales,sin_macros,sin_enlaces_externos
01_NOMINA_DE_MATRICULA.xlsx,Nómina,1831,1400,1400,APROBADA,SI,SI,SI,SI,SI,SI,SI,SI,SI,SI,SI
02_FICHA_DE_MATRICULA.xlsx,FICHA DE MATRICULA,33,36,36,APROBADA,SI,SI,SI,SI,SI,SI,SI,SI,SI,SI,SI
03_REGISTRO_DE_MATRICULA_MODULAR.xlsx,REGISTRO DE MATRICULA MODULAR,181,2,2,APROBADA,SI,SI,SI,SI,SI,SI,SI,SI,SI,SI,SI
04_PORTADA_REGISTRO_ASISTENCIA_EVALUACION.xlsx,Portada - Regis. Eva.,12,13,13,APROBADA,SI,SI,SI,SI,SI,SI,SI,SI,SI,SI,SI
05_ASISTENCIA_UD1.xlsx,As-1,2092,16,16,APROBADA,SI,SI,SI,SI,SI,SI,SI,SI,SI,SI,SI
06_ASISTENCIA_UD2.xlsx,As-2,2092,16,16,APROBADA,SI,SI,SI,SI,SI,SI,SI,SI,SI,SI,SI
07_ASISTENCIA_UD3.xlsx,As-3,2092,16,16,APROBADA,SI,SI,SI,SI,SI,SI,SI,SI,SI,SI,SI
08_ASISTENCIA_UD4.xlsx,As-4,2092,16,16,APROBADA,SI,SI,SI,SI,SI,SI,SI,SI,SI,SI,SI
09_ASISTENCIA_UD5.xlsx,As-5,2092,16,16,APROBADA,SI,SI,SI,SI,SI,SI,SI,SI,SI,SI,SI
10_ASISTENCIA_UD6.xlsx,As-6,2092,16,16,APROBADA,SI,SI,SI,SI,SI,SI,SI,SI,SI,SI,SI
11_EVALUACION_IL_UD1.xlsx,IL,1356,20,20,APROBADA,SI,SI,SI,SI,SI,SI,SI,SI,SI,SI,SI
12_EVALUACION_UD2.xlsx,UD2,1162,20,20,APROBADA,SI,SI,SI,SI,SI,SI,SI,SI,SI,SI,SI
13_EVALUACION_UD3.xlsx,UD3,1166,20,20,APROBADA,SI,SI,SI,SI,SI,SI,SI,SI,SI,SI,SI
14_EVALUACION_UD4.xlsx,UD4,1163,20,20,APROBADA,SI,SI,SI,SI,SI,SI,SI,SI,SI,SI,SI
15_EVALUACION_UD5.xlsx,UD5,1164,20,20,APROBADA,SI,SI,SI,SI,SI,SI,SI,SI,SI,SI,SI
16_EVALUACION_UD6.xlsx,UD6,1172,20,20,APROBADA,SI,SI,SI,SI,SI,SI,SI,SI,SI,SI,SI
17_EVALUACION_UD7.xlsx,UD7,1164,20,20,APROBADA,SI,SI,SI,SI,SI,SI,SI,SI,SI,SI,SI
18_CONSOLIDADO_EFSRT.xlsx,EFSRT,566,31,31,APROBADA,SI,SI,SI,SI,SI,SI,SI,SI,SI,SI,SI
19_ACTA_DE_EVALUACION_MODULAR.xlsx,ACTA,539,187,187,APROBADA,SI,SI,SI,SI,SI,SI,SI,SI,SI,SI,SI
20_CERTIFICADO_MODULAR.xlsx,CERTIFICADO,50,37,37,APROBADA,SI,SI,SI,SI,SI,SI,SI,SI,SI,SI,SI
21_TITULO_AUXILIAR_TECNICO.xlsx,TITULO,4,22,22,APROBADA,SI,SI,SI,SI,SI,SI,SI,SI,SI,SI,SI
